<?xml version="1.0" encoding="UTF-8"?>
<metadata xml:lang="pt"><Esri><CreaDate>20200626</CreaDate><CreaTime>09570600</CreaTime><ArcGISFormat>1.0</ArcGISFormat><SyncOnce>TRUE</SyncOnce><DataProperties><itemProps><itemLocation><linkage Sync="TRUE">file://\\PC12070\C$\Users\telmo.af.gomes\Google Drive\0_Telmo\My Documents\Telmo\0_PROJECTOS\2018_iAtlantic\WG_regions\Updated Regions boundaries\sa03_190806</linkage><protocol Sync="TRUE">Local Area Network</protocol></itemLocation></itemProps><copyHistory><copy source="C:\Users\telmo.af.gomes\Google Drive\0_Telmo\My Documents\Telmo\0_PROJECTOS\2018_iAtlantic\WG_regions\Shapefiles iAtlantic Survey Areas\sa03_190806" dest="\\PC12070\C$\Users\telmo.af.gomes\Google Drive\0_Telmo\My Documents\Telmo\0_PROJECTOS\2018_iAtlantic\WG_regions\Updated Regions boundaries\sa03_190806" date="20200626" time="09570600"></copy></copyHistory></DataProperties></Esri></metadata>
